Out.SubInd,PrName,Observations,Studies,Sites,RR.Shapiro.Sig,RR,RR.median,RR.var,RR.se,RR.Quantiles0.25,PC.Shapiro.Sig,PC,PC.median,PC.se,PC.var,PC.Quantiles0.25,Units,Model,MeanT.Obs,MeanT,MeanT.se,MeanC.Obs,MeanC,MeanC.se,RR.t value,RR.Pr(>|t|),RR.Sigma2,PC.t value,PC.Pr(>|t|),PC.Sigma2,RR.pc.se.low,RR.pc,RR.pc.se.high,RR.pc.jen.low,RR.pc.jen,RR.pc.jen.high,PC.pc.se.low,PC.pc,PC.pc.se.high
Biomass Yield,Parklands,39,7,8,0.73596,4.7e-4,0.04511794770316725,0.15253,0.13113,-1.1508|-0.28553|0.04512|0.29047|1.29783,2e-5,1.08878,1.0461812267943171,0.11627,0.17929,0.31638|0.75214|1.04618|1.33708|3.66133,Mg/ha,lmerModLmerTest,22,2.7132,0.84229,8,2.44759,0.60571,0.00359,0.99725,0.05192,9.3646,3.5e-4,0.07861,-12.24839,0.04701,14.0652,-9.94053,2.67824,17.0651,-2.749,8.878,20.505
Soil Organic Carbon,Agroforestry Pruning,160,16,17,5e-5,0.18688,0.11152470753546186,0.06274,0.03924,-0.29235|0.017|0.11152|0.22648|1.08396,0,1.2462,1.117981389094194,0.05882,0.14746,0.7465|1.01716|1.11798|1.2542|2.95635,Multiple,lmerModLmerTest,NA,NA,NA,NA,NA,NA,4.76224,2.2e-4,0.00649,21.18519,0,0.01562,15.90955,20.54826,25.37261,16.28629,20.94008,25.78011,18.738,24.62,30.502
Soil Nitrogen,Agroforestry Pruning-Organic Fertilizer,14,3,3,0.01251,0.48253,0.1509879180009272,0.16582,0.27452,0.07269|0.11826|0.15099|0.43685|1.22378,0.0013,1.76828,1.163155363155363,0.5279,0.62074,1.0754|1.12554|1.16316|1.54783|3.4,Multiple,lmerModLmerTest,NA,NA,NA,NA,NA,NA,1.75773,0.22102,0.00723,3.34966,0.07901,0.03806,23.12255,62.01682,113.19776,23.56844,62.60358,113.96986,24.038,76.828,129.618
Soil Nitrogen,Agroforestry Pruning,113,20,18,0.00814,0.2138,0.1719224716278476,0.06321,0.04501,-0.73261|0.038|0.17192|0.31017|1.1421,0,1.2816,1.1876059410041129,0.06352,0.12554,0.48065|1.03873|1.18761|1.36367|3.13333,Multiple,lmerModLmerTest,NA,NA,NA,NA,NA,NA,4.7503,2e-4,0.01182,20.17619,0,0.02349,18.38715,23.8375,29.53877,19.08889,24.57154,30.30661,21.808,28.16,34.512
Biomass Yield,Agroforestry Pruning-Organic Fertilizer,16,3,3,0.0817,0.6747,0.626488032419214,0.15514,0.15862,-0.23936|0.43855|0.62649|0.93815|1.24619,0.87979,2.07273,1.8710280373831776,0.32317,0.53274,0.78713|1.55064|1.87103|2.55577|3.47708,Mg/ha,lmerModLmerTest,6,4.49329,1.91928,6,2.17654,0.56922,4.25347,0.04907,0.03194,6.41378,0.02289,0.09484,67.5447,96.34439,130.09452,70.24187,99.50518,133.79863,74.956,107.273,139.59
Biomass Yield,Agroforestry Pruning,243,29,26,0,0.50775,0.2582338975361384,0.28891,0.11316,-0.7633|0.07425|0.25823|0.6722|2.52224,0,2.20061,1.2946417838682536,0.37383,2.59028,0.46613|1.07709|1.29464|1.95855|12.45645,Multiple,lmerModLmerTest,NA,NA,NA,NA,NA,NA,4.48684,1.7e-4,0.02741,5.88659,0,0.15346,48.37757,66.15485,86.06204,50.42508,68.44768,88.62958,82.678,120.061,157.444
Crop Yield,Agroforestry Pruning-Organic Fertilizer,25,8,8,0.00235,0.51662,0.39248051684560775,0.12414,0.08724,0.04064|0.31168|0.39248|0.55426|1.98655,0,1.80236,1.480652877444773,0.21828,0.89659,1.04147|1.36571|1.48065|1.74083|7.29032,Mg/ha,lmerModLmerTest,13,4.99081,20.69601,11,3.48306,12.36703,5.9221,4.9e-4,0.06069,8.25704,7e-5,0.48783,53.63047,67.6352,82.91658,58.36384,72.80006,88.55226,58.408,80.236,102.064
Crop Yield,Agroforestry Pruning,848,68,53,0,0.53718,0.3721898563218545,0.34609,0.07385,-1.99896|0.06453|0.37219|0.72775|2.55414,0,2.13412,1.4509087118564363,0.2175,2.75789,0.13548|1.06666|1.45091|2.07041|12.86022,Multiple,lmerModLmerTest,NA,NA,NA,NA,NA,NA,7.27365,0,0.0244,9.81186,0,0.17454,58.93577,71.11745,84.2328,60.88667,73.21787,86.49421,91.662,113.412,135.162
Crop Yield,Agroforestry Pruning-Inorganic Fertilizer,566,37,36,0,0.87558,0.6931471805599453,0.37706,0.09622,-0.39933|0.35954|0.69315|1.17865|3.55794,0,3.04611,2,0.38803,6.33458,0.67077|1.43267|2|3.25|35.09091,Multiple,lmerModLmerTest,NA,NA,NA,NA,NA,NA,9.0994,0,0.01445,7.85011,0,0.23633,118.00766,140.0267,164.2697,119.58847,141.76718,166.18597,165.808,204.611,243.414
Biomass Yield,Agroforestry Pruning-Inorganic Fertilizer,80,12,10,0.01977,0.41246,0.30911599944726675,0.14203,0.09089,-0.82526|0.14484|0.30912|0.60014|1.18562,0,1.61711,1.3622210690192007,0.14674,0.40513,0.43812|1.15586|1.36222|1.82237|3.27273,Multiple,lmerModLmerTest,NA,NA,NA,NA,NA,NA,4.53775,0.00152,0.02549,11.02044,0,0.07791,37.92916,51.05291,65.42537,39.69831,52.9904,67.54721,47.037,61.711,76.385
Soil Organic Carbon,Agroforestry Pruning-Alleycropping,32,5,4,0.56131,0.23889,0.25991471036435293,0.03906,0.07253,-0.21511|0.07062|0.25991|0.38913|0.59259,0.80799,1.29136,1.2968309979841524,0.09138,0.06422,0.80645|1.07317|1.29683|1.47571|1.80867,Multiple,lmerModLmerTest,NA,NA,NA,NA,NA,NA,3.29352,0.05121,0.0072,14.13174,0.00113,0.012,18.09982,26.98388,36.53626,18.52574,27.44185,37.02867,19.998,29.136,38.274
Crop Yield,Alleycropping,265,23,24,0,-0.05665,0.013504203435039594,0.29415,0.06798,-1.81423|-0.25131|0.0135|0.2995|1.45862,0,1.08209,1.0135959341745004,0.07493,0.36355,0.16296|0.77778|1.0136|1.34926|4.3,Multiple,lmerModLmerTest,NA,NA,NA,NA,NA,NA,-0.83329,0.41392,0.04353,14.44067,0,0.0558,-11.71765,-5.50753,1.13944,-9.77512,-3.42835,3.36487,0.716,8.209,15.702
Crop Yield,Agroforestry Pruning-Alleycropping,767,43,25,0,0.20976,0.06628412401376085,0.3465,0.0903,-1.81238|-0.16039|0.06628|0.48416|2.30259,0,1.50252,1.0685304185785176,0.17704,0.99763,0.16327|0.85181|1.06853|1.6228|10,Multiple,lmerModLmerTest,NA,NA,NA,NA,NA,NA,2.32282,0.02932,0.01629,8.48674,0,0.05725,12.68882,23.3382,34.99398,13.61042,24.34689,36.098,32.548,50.252,67.956
Crop Yield,Agroforestry Pruning-Alleycropping-Inorganic Fertilizer,223,15,9,0.01295,0.75686,0.762563123979035,0.47094,0.16336,-0.26236|0.4559|0.76256|1.30718|3.65316,0,2.76703,2.143765031660417,0.45896,13.173,0.76923|1.57767|2.14377|3.69573|38.59649,Mg/ha,lmerModLmerTest,74,2.90759,0.22832,30,1.37175,0.1161,4.63308,0.00162,0.03132,6.02896,2.7e-4,1.3051,81.03134,113.15726,150.98425,83.88861,116.52157,154.9456,130.807,176.703,222.599
Biomass Yield,Agroforestry Pruning-Alleycropping,140,14,10,7e-4,0.06677,-0.15427804995400132,0.62477,0.17263,-2.55257|-0.51328|-0.15428|0.29156|1.26362,0,1.29922,0.85706442642549,0.21312999999999999,0.51692,0.07788|0.59858|0.85706|1.33852|3.53822,Mg/ha,lmerModLmerTest,45,3.31071,1.09809,35,3.3094,0.73492,0.38679,0.70799,0.0438,6.09589,3.1e-4,0.02841,-10.04494,6.90496,27.04866,-8.0532,9.272,29.86172,8.609,29.922,51.235
Biomass Yield,Agroforestry Pruning-Alleycropping-Inorganic Fertilizer,90,4,3,1.1e-4,0.65711,0.9425091657123822,0.56046,0.4489,-0.57477|-0.26568|0.94251|1.25003|1.51238,0.04429,2.39544,2.5664681383970174,0.82467,2.16033,0.56283|0.76851|2.56647|3.49045|4.53754,Mg/ha,lmerModLmerTest,20,4.74079,2.0762,12,2.52619,0.37833,1.46383,0.28085,0.00869,2.90472,0.10101,0.05088,23.14718,92.92089,202.22754,23.68341,93.76095,203.54358,57.077,139.544,222.011
Gross Return,Agroforestry Pruning-Inorganic Fertilizer,3,2,2,0.31615,0.13621,0.07820266134977769,0.01117,0.03781,0.07332|0.07332|0.0782|0.11971|0.51737,0.2577,1.15261,1.0815396309498846,0.04772,0.02021,1.07607|1.07607|1.08154|1.12799|1.6776,Multiple,NA,NA,NA,NA,NA,NA,NA,NA,NA,NA,NA,NA,NA,10.33942,14.59168,19.00781,NA,19.67455,NA,10.48874,15.26068,20.03262
Gross Return,Agroforestry Pruning,5,3,3,0.2725,-0.01531,-0.12111737850695009,0.09884,0.10344,-0.12112|-0.12112|-0.12112|-0.12112|1.08286,0.29026,1.04905,0.8859299643531139,0.16156,0.2654,0.88593|0.88593|0.88593|0.88593|2.95312,Multiple,NA,NA,NA,NA,NA,NA,NA,NA,NA,NA,NA,NA,NA,-11.19656,-1.51916,9.21284,NA,14.74594,NA,-11.25094,4.90502,21.06099
Beneficial Organisms,Agroforestry Pruning,12,2,2,0.72779,1.17269,0.5596157879354227,3.06363,0.4309,-0.70819|0.02528|0.55962|2.09495|4.48257,2e-5,10.30625,1.75,6.31098,657.17061,0.49254|1.03634|1.75|8.125|88.46154,,lm,3,136.35125,36.2067,2,38.85375,595.07113,2.72148,0.01988,0.55702,1.63307,0.13072,119.48557,109.96906,223.06715,397.08458,177.40268,326.82333,556.72817,299.527,930.625,1561.723
Cation Exchange Capacity,Agroforestry Pruning,14,4,4,0.09991,0.08885,0.06845594760964854,0.00611,0.03126,0|0.00422|0.06846|0.14497|0.22924,0.10855,1.09538,1.07138969521045,0.03378,0.00736,1|1.00423|1.07139|1.15605|1.25765,cmol/kg,lmerModLmerTest,10,19.42846,138.93637,5,18.82154,200.14009,2.84219,0.06615,0.00156,32.42858,7e-5,0.00195,5.92806,9.29167,12.76209,6.01072,9.37695,12.85008,6.16,9.538,12.916
Soil Nitrogen,Agroforestry Pruning-Inorganic Fertilizer,35,9,8,0.00173,0.39252,0.1897847975813749,0.19381,0.15901,-0.11778|0.05403|0.18978|0.40256|1.44345,0,1.68195,1.209090909090909,0.37299,0.94608,0.88889|1.05556|1.20909|1.49565|4.23529,Multiple,lmerModLmerTest,NA,NA,NA,NA,NA,NA,2.46846,0.04301,0.01621,4.50941,0.00278,0.04369,26.30255,48.07075,73.59069,27.33039,49.27574,75.00336,30.896,68.195,105.494
Soil Organic Carbon,Agroforestry Pruning-Inorganic Fertilizer,106,8,9,0.02718,0.23187,0.1998852877545731,0.1106,0.09897,-0.28425|0.05349|0.19989|0.40165|1.05489,1e-5,1.32997,1.2212626563430613,0.15197,0.2855,0.75258|1.05495|1.22126|1.49429|2.87166,Multiple,lmerModLmerTest,NA,NA,NA,NA,NA,NA,2.34298,0.0471,0.00275,8.75126,2e-5,0.0075,14.21358,26.095580000000002,39.2137,14.37073,26.26908,39.40525,17.8,32.997,48.194
Soil Organic Carbon (Change),Agroforestry Pruning,6,2,2,0.46007,1.2e-4,2.0014009873676805e-4,0,3.4e-4,-0.0014|-0.0009|0.0002|0.0005|0.001,0.46118,1.00012,1.0002001601281025,3.4e-4,0,0.9986|0.9991|1.0002|1.0005|1.001,Proportion,lm,4,0.99962,0,4,0.9995,0,0.36324,0.73128,0,2921.18737,0,0,-0.022,0.012,0.04601,-0.022,0.012,0.04601,-0.022,0.012,0.046
Soil Organic Carbon (Change),Agroforestry Pruning-Inorganic Fertilizer,17,4,3,1.7e-4,0.03469,6.007810333904364e-4,0.00785,0.03099,-0.0017|-0.0001|0.0006|0.00548|0.29225,1.5e-4,1.03845,1.0006009615384617,0.03433,0.00989,0.9983|0.9999|1.0006|1.00549|1.33944,Proportion,lmerModLmerTest,16,1.04658,0.00233,6,0.99787,0,1.11947,0.37036,0.00198,30.2453,6.3e-4,0.00252,0.37069,3.52987,6.78849,0.4701,3.63242,6.89427,0.412,3.845,7.278
Water Use Efficiency,Agroforestry Pruning,7,2,2,0.14088,0.33818,0.2663790886599975,0.02962,0.06196,0.19648|0.19661|0.26638|0.38429|0.69315,0.06091,1.41962,1.306068862039011,0.09627,0.07149,1.21711|1.21727|1.30607|1.46943|2,,lm,3,8.5,17.80276,3,6.4,11.16785,5.45799,0.00158,0.01728,14.74703,1e-5,0.0417,31.81378,40.23929,49.203360000000004,32.95759,41.45621,50.49806,32.335,41.962,51.589
Biomass Yield,Alleycropping,102,12,14,0,-0.40869,-0.2303351070989231,0.95224,0.18248,-2.95317|-0.86845|-0.23034|-0.00364|1.30625,0,0.85891,0.7942938153464469,0.12644,0.55544,0.05217|0.42014|0.79429|0.99637|3.69231,Mg/ha,lmerModLmerTest,36,2.24456,1.15396,17,3.55861,2.14144,-2.23972,0.04074,0.08211,6.79318,0,0.06209,-44.63209,-33.54798,-20.24494,-42.31165,-30.76301,-16.90245,-26.753,-14.109,-1.465
Crop Yield,Alleycropping-Inorganic Fertilizer,33,3,5,3e-5,-0.06318,0.014706147389695487,0.62176,0.12293,-2.82583|-0.12365|0.01471|0.23289|0.70785,0.01217,1.09699,1.0148148148148148,0.08044,0.26622,0.05926|0.88554|1.01481|1.26224|2.02963,Mg/ha,lmerModLmerTest,13,2.39944,0.74779,6,2.1325,0.55077,-0.51396,0.61081,0.068,13.63721,0,0.02912,-16.98177,-6.12255,6.15711,-14.11062,-2.87584,9.82851,1.655,9.699,17.743
Soil Moisture,Alleycropping,126,2,4,0.06514,-0.00989,0,0.02095,0.01871,-0.33647|-0.07267|0|0.06867|0.30959,0.10064,0.99648,1,0.01935,0.0206,0.71429|0.92991|1|1.07109|1.36287,Multiple,lmerModLmerTest,NA,NA,NA,NA,NA,NA,-0.52871,0.63565,3.2e-4,51.49613,2e-5,3.1e-4,-2.81949,-0.98413,0.8859,-2.80394,-0.96828,0.90204,-2.287,-0.352,1.583
Labour Person Hours,Agroforestry Pruning,5,2,2,0.2172,1.79849,1.331873970147904,1.52495,0.46449,0.38241|0.38241|1.33187|2.66978|2.87998,0.25872,9.18812,3.788135593220339,3.12545,71.26689,1.46581|1.46581|3.78814|14.71693|17.81393,,NA,4,286.79833,9146.08706,2,93.67,7189.39743,NA,NA,NA,NA,NA,NA,279.62056,504.05395,861.17339,NA,1960.34916,NA,506.2673,818.81195,1131.3566
Variable Cost,Agroforestry Pruning,5,3,3,0.1344,-1.27014,-1.8150090190804358,1.58612,0.47252,-2.7714|-2.75792|-1.81501|-0.71593|-0.05972,0.06645,0.44628,0.2255737589160818,0.14881,0.15248,0.06257|0.06342|0.22557|0.48874|0.94203,Multiple,NA,NA,NA,NA,NA,NA,NA,NA,NA,NA,NA,NA,NA,-82.4946,-71.92068,-54.95974,NA,-0.45432,NA,-70.25251,-55.37169,-40.49087
Soil Nitrogen,Agroforestry Pruning-Alleycropping,16,3,2,0.00929,0.219,0.10536051565782635,0.13514,0.0849,-0.2441|0.05127|0.10536|0.22314|1.00552,8e-5,1.32752,1.1111111111111112,0.14615,0.40052,0.78341|1.05261|1.11111|1.25|2.73333,Multiple,lm,NA,NA,NA,NA,NA,NA,2.57954,0.02093,0.03604,9.08304,0,0.10681,14.35072,24.48313,35.51335,16.42999,26.74665,37.97744,18.137,32.752,47.367
Soil Moisture,Agroforestry Pruning-Alleycropping,7,2,2,0.72689,-0.00962,-0.09032339752799753,0.17338,0.14367,-0.47378|-0.43137|-0.09032|0.19311|0.54305,0.61944,1.05347,0.9228126047603085,0.15125,0.19215,0.62264|0.64981|0.92281|1.21565|1.72124,Multiple,lm,NA,NA,NA,NA,NA,NA,-0.06695,0.9488,0.07224,6.96526,4.4e-4,0.08006,-14.21191,-0.95739,14.345,-11.0566,2.68542,18.55064,-9.778,5.347,20.472
Return to Labour,Agroforestry Pruning-Inorganic Fertilizer,7,2,2,0.87079,0.41422,0.29725152346793154,0.17702,0.13305,-0.26236|0.15909|0.29725|0.62014|0.73943,0.79175,1.58982,1.346153846153846,0.19113,0.3653,0.76923|1.17308|1.34615|1.86726|2.09474,,lm,7,83.51,5602.24668,2,41.12,2280.85495,3.1133,0.02076,0.04426,8.31808,1.6e-4,0.09132,32.46788,51.319,72.85277,35.43207,54.70502,76.72064,39.869,58.982,78.095
Return to Labour,Agroforestry Pruning,2,2,2,NA,-0.12275,-0.37117603462953225,0.15428,0.21079,-0.37118|-0.37118|-0.37118|-0.13828|0.24988,NA,0.9275,0.689922480620155,0.20159,0.14111,0.68992|0.68992|0.68992|0.91265|1.28387,Multiple,NA,NA,NA,NA,NA,NA,NA,NA,NA,NA,NA,NA,NA,-28.36218,-11.55185,9.20313,NA,17.96073,NA,-27.40909,-7.24981,12.90947
Crop Yield,Agroforestry Pruning-Alleycropping-Organic Fertilizer,27,2,2,0.54532,0.04115,0.06408740951132816,0.22668,0.07891,-0.6831|-0.38081|0.06409|0.31798|0.7988,0.17022,1.12812,1.0661855894499286,0.08804,0.28214,0.50505|0.68331|1.06619|1.37435|2.22287,Mg/ha,lm,5,1.90958,0.08865,2,1.82842,0.04465,0.52139,0.60651,0.0218,12.81353,0,0.02713,-3.7056,4.20084,12.75645,-2.65025,5.34284,13.99222,4.008,12.812,21.616
Cation Exchange Capacity,Agroforestry Pruning-Alleycropping,5,2,2,0.02642,-0.10802,-0.1112256351102245,0.04287,0.07961,-0.38299|-0.38299|-0.11123|0.0301|0.033,0.03659,0.90991,0.894736842105263,0.06708,0.0307,0.68182|0.68182|0.89474|1.03055|1.03355,cmol/kg,NA,4,6.66167,2.67126,4,7.20667,0.90932,NA,NA,NA,NA,NA,NA,-17.10846,-10.23928,-2.80086,NA,-0.69502,NA,-15.71623,-9.00851,-2.30078
Soil Moisture,Parklands,15,3,3,0.98678,0.08208,0.06495298849201055,0.01253,0.04537,-0.13935|0.01657|0.06495|0.13887|0.2712,0.99301,1.09082,1.0671088568084277,0.04916,0.0148,0.86993|1.01676|1.06711|1.14898|1.31154,Multiple,lmerModLmerTest,NA,NA,NA,NA,NA,NA,1.80896,0.21218,0.00211,22.18715,0.00203,0.0025,3.73921,8.55426,13.59281,3.84872,8.66885,13.71271,4.166,9.082,13.998
Crop Yield,Parklands,101,13,15,0.00344,-0.34454,-0.21297324573769216,0.51265,0.12928,-2.75239|-0.63169|-0.21297|0.09677|1.8718,0,0.91916,0.8082607221352308,0.09593,0.56158,0.06378|0.53169|0.80826|1.10161|6.5,Multiple,lmerModLmerTest,NA,NA,NA,NA,NA,NA,-2.66507,0.02099,0.11769,9.58155,2e-5,0.16085,-37.73807,-29.14538,-19.36682,-33.96432,-24.85082,-14.47958,-17.677,-8.084,1.509
Soil Nitrogen,Alleycropping,7,2,1,0.78365,0.00296,-0.0800427076735365,0.02225,0.0537,-0.08004|-0.08004|-0.08004|0.06446|0.31845,0.83788,1.01216,0.923076923076923,0.05885,0.02671,0.92308|0.92308|0.92308|1.06912|1.375,%,lm,4,0.15389,0.0015,2,0.1495,6.9e-4,0.05519,0.95778,0.01298,17.19997,0,0.01558,-4.94742,0.29644,5.82959,-4.32853,0.94948,6.51866,-4.669,1.216,7.101
Soil Organic Carbon,Alleycropping,9,3,2,0.02259,0.28699,-0.22327548770402716,1.07307,0.33433,-0.82668|-0.62554|-0.22328|0.19832|2.63394,5.9e-4,2.59829,0.8429516423357665,1.48376,21.1347,0.4375|0.57265|0.84295|1.21935|13.92857,Multiple,lm,NA,NA,NA,NA,NA,NA,0.85841,0.41565,0.67067,1.75116,0.11803,13.20919,-4.62369,33.24109,86.13834,33.37506,86.32551,160.29749,11.453,159.829,308.205
Soil Organic Carbon,Agroforestry Pruning-Alleycropping-Inorganic Fertilizer,13,3,2,0.68496,0.36899,0.3893955753651319,0.03654,0.05037,0.01917|0.20854|0.3894|0.47343|0.60699,0.76897,1.46782,1.476513229430953,0.07098,0.07255,1.01935|1.23285|1.47651|1.60564|1.83489,Multiple,lm,NA,NA,NA,NA,NA,NA,7.32515,1e-5,0.01522,20.67973,0,0.03023,37.52286,44.62731,52.09878,38.57341,45.73213,53.26067,39.684,46.782,53.88
Soil Moisture,Agroforestry Pruning,45,4,5,0.00795,0.05435,0.05610359549516783,0.0186,0.037,-0.26008|0.01603|0.0561|0.11406|0.38193,0.001,1.06786,1.0577072964865388,0.03812,0.02285,0.77099|1.01616|1.05771|1.12082|1.46512,Multiple,lmerModLmerTest,NA,NA,NA,NA,NA,NA,1.4691,0.23745,0.00209,28.01548,9e-5,0.00263,1.75014,5.58541,9.56524,1.85652,5.6958,9.6798,2.974,6.786,10.598
Crop Yield,Agroforestry Pruning-Alleycropping-Reduced Tillage,16,4,3,0.21078,0.06945,-0.09107044624562508,0.34138,0.23776,-1.43355|-0.20424|-0.09107|0.16705|0.91629,0.10662,1.25766,0.9131213450292398,0.30278,0.44859,0.23846|0.81634|0.91312|1.18182|2.5,Mg/ha,lmerModLmerTest,6,1.74441,0.49392,5,1.52409,0.22909,0.29212,0.80023,0.08615,4.15378,0.05586,0.09604,-15.49082,7.19185,35.96265,-11.77105,11.91002,41.9472,-4.512,25.766,56.044
Crop Yield,Agroforestry Pruning-Parklands,29,4,4,0.00526,0.67791,0.1452763794596692,0.62761,0.54454,-0.61176|-0.27268|0.14528|0.77002|2.13494,0,3.18415,1.1563744391613244,1.78975,5.55656,0.5424|0.7614|1.15637|2.15983|8.45652,Multiple,lmerModLmerTest,NA,NA,NA,NA,NA,NA,1.24493,0.30224,0.04252,1.77911,0.17343,0.06753,14.26727,96.97566,239.54965,16.7226,101.2082,246.84576,39.44,218.415,397.39
Biomass Yield,Agroforestry Pruning-Parklands,26,3,3,0.16968,0.44719,0.2820937076329745,0.34508,0.11036,-0.40533|-0.04969|0.28209|0.68497|1.4946,2.6e-4,1.84093,1.3261171522049544,0.22967,1.49454,0.66675|0.95153|1.32612|1.98371|4.45755,Multiple,lm,NA,NA,NA,NA,NA,NA,4.05215,4.3e-4,0.10352,8.01552,0,0.44836,40.0501,56.39114,74.63886,47.48997,64.6991,83.91619,61.126,84.093,107.06
Soil Organic Matter,Parklands,12,2,2,0.83496,0.42115,0.3782052538391452,0.07449,0.06955,-0.04121|0.29334|0.37821|0.52199|0.80396,0.67212,1.5643,1.4597067636986303,0.10779,0.17894,0.95963|1.34118|1.45971|1.68723|2.23438,Multiple,lm,NA,NA,NA,NA,NA,NA,6.05542,8e-5,0.01693,14.51211,0,0.04067,42.13399,52.37128,63.34592,43.34226,53.66658,64.73452,45.651,56.43,67.209
Soil Organic Carbon,Parklands,12,2,2,0.98995,0.34362,0.3242312949092383,0.08968,0.07631,-0.14399|0.12429|0.32423|0.43818|0.80402,0.64041,1.45588,1.3832050082567728,0.11208,0.19345,0.8659|1.13547|1.38321|1.55222|2.2345,Multiple,lm,NA,NA,NA,NA,NA,NA,4.50303,9e-4,0.02038,12.98962,0,0.04397,30.64454,41.00427,52.1855,31.98261,42.44845,53.7442,34.38,45.588,56.796
Soil Organic Carbon,Agroforestry Pruning-Parklands,6,2,3,0.27851,0.33802,0.2231956823568034,0.06504,0.09877,0.06252|0.16979|0.2232|0.37152|0.78177,0.11424,1.43867,1.2502955798018918,0.15412,0.15835,1.06452|1.18506|1.2503|1.46204|2.18534,Multiple,lm,NA,NA,NA,NA,NA,NA,3.42212,0.0188,0.03903,9.3348,2.4e-4,0.09501,27.02961,40.21685,54.7731,29.53294,42.98006,57.82316,28.455,43.867,59.279
Soil Organic Matter,Agroforestry Pruning,11,4,3,0.47432,0.09812,0.011904902506318458,0.03801,0.12204,-0.29226|-0.06736|0.0119|0.11856|0.3721,0.29527,1.12789,1.0119760479041917,0.14306,0.0452,0.74658|0.93491|1.01198|1.12588|1.45078,%,lmerModLmerTest,7,1.44167,0.21329,4,1.298,0.11401,0.80402,0.50995,0.01414,7.88404,0.01738,0.01244,-2.36362,10.30951,24.62761,-1.67088,11.09217,25.51185,-1.517,12.789,27.095
Soil Organic Matter,Agroforestry Pruning-Organic Fertilizer,5,2,2,0.12546,0.35502,0.13200382510561046,0.12247,0.13678,0.12883|0.12883|0.132|0.56904|0.92146,0.22508,1.50628,1.1411184210526315,0.22558,0.33618,1.1375|1.1375|1.14112|1.81727|2.51295,%,NA,4,2.03222,1.59566,2,1.16333,0.24937,NA,NA,NA,NA,NA,NA,24.38785,42.62024,63.52509,NA,73.85122,NA,28.07078,50.62839,73.186
Soil Organic Matter,Agroforestry Pruning-Inorganic Fertilizer,8,2,1,0.46054,-0.00363,-0.056352936551131744,0.01741,0.0432,-0.13942|-0.11692|-0.05635|0.05816|0.22596,0.29426,1.00309,0.9452054794520548,0.04519,0.01906,0.86986|0.88966|0.94521|1.05988|1.25352,%,lm,4,1.50375,0.00181,2,1.5,0.00398,-0.084,0.93541,0.00746,22.19655,0,0.00817,-4.57504,-0.36234,4.03633,-4.21844,0.01,4.42511,-4.21,0.309,4.828
Crop Yield,Agroforestry Pruning-Boundary Planting,91,3,5,0.3057,0.11128,0.13631296786342925,0.27615,0.11981,-0.83965|-0.07932|0.13631|0.51071|1.20397,2.2e-4,1.23089,1.146041554510061,0.13392,0.4085,0.43186|0.92375|1.14604|1.66653|3.33333,Mg/ha,lmerModLmerTest,18,1.38791,0.34206,7,1.12892,0.20794,0.92884,0.40455,0.00685,9.19099,6.2e-4,0.01062,-0.84937,11.77078,25.99726,-0.5092,12.15425,26.42954,9.697,23.089,36.481
Crop Yield,Agroforestry Pruning-Boundary Planting-Inorganic Fertilizer,41,2,2,0.00543,1.25492,1.0619976498353652,0.91735,0.10708,0.07623|0.79383|1.062|1.46844|2.31574,0,4.47609,2.892142771589412,0.52689,22.20871,1.07921|2.21189|2.89214|4.34247|10.13243,Mg/ha,lm,9,2.34935,0.93322,3,0.98612,0.34674,11.71912,0,0.02293,8.49538,0,0.55522,215.13786,250.75578,290.39935,218.7717,254.80033,294.90103,294.92,347.609,400.298
Soil Nitrogen,Agroforestry Fallow-Agroforestry Pruning,19,2,2,0.33715,-0.02532,-0.02149651258597873,0.03049,0.03629,-0.34285|-0.16887|-0.0215|0.09799|0.21905,0.48728,0.98643,0.9787414965986394,0.03497,0.0283,0.70974|0.84479|0.97874|1.10296|1.2449,Multiple,lm,NA,NA,NA,NA,NA,NA,-0.69759,0.49435,0.00593,28.20669,0,0.0055,-5.97505,-2.50021,1.10304,-5.69585,-2.2107,1.40325,-4.854,-1.357,2.14
Crop Yield,Agroforestry Fallow-Agroforestry Pruning,85,4,4,0.66163,0.38966,0.40012586718599163,0.31388,0.11307,-1.03212|0.09661|0.40013|0.62617|1.79602,0,1.71465,1.49203125,0.268,1.2326,0.35625|1.10147|1.49203|1.87065|6.02564,Mg/ha,lmerModLmerTest,28,1.36849,0.13577,15,0.87754,0.03199,3.44631,0.04178,0.02692,6.39787,0.00807,0.09936,31.86256,47.64787,65.32284,33.64943,49.64865,67.56313,44.665,71.465,98.265
Biomass Yield,Agroforestry Fallow-Agroforestry Pruning,25,2,2,0.00614,0.33071,0.27028735975887935,0.12075,0.06256,-0.58779|-0.04128|0.27029|0.56395|0.94887,0.49476,1.45765,1.31166725502287,0.09083,0.25456,0.55556|0.97713|1.31167|1.75761|2.58278,Mg/ha,lm,13,2.76484,0.12167,5,2.00222,0.04948,5.28656,2e-5,0.01761,16.04849,0,0.03712,30.75433,39.19561,48.18184,31.9107,40.42664,49.49234,36.682,45.765,54.848
Soil Organic Carbon,Agroforestry Fallow-Agroforestry Pruning,98,3,2,0.33782,0.05995,0.046334928362219197,0.03663,0.01758,-0.20067|-0.02062|0.04633|0.17869|0.43242,0.17371,1.07769,1.0474252491694354,0.01879,0.04187,0.81818|0.97959|1.04743|1.19565|1.54098,Multiple,lm,NA,NA,NA,NA,NA,NA,3.4106,9.5e-4,0.0017,57.34669,0,0.00194,4.32804,6.17835,8.06147,4.41676,6.26864,8.15336,5.89,7.769,9.648
Cation Exchange Capacity,Alleycropping,3,2,2,0.84932,-0.16881,-0.32697100063329776,0.04767,0.07909,-0.47|-0.43425|-0.32697|-0.2197|0.1929,0.67708,0.86095,0.7284935379644588,0.07319,0.03917,0.625|0.65087|0.72849|0.80611|1.21277,Multiple,NA,NA,NA,NA,NA,NA,NA,NA,NA,NA,NA,NA,NA,-21.95651,-15.53297,-8.58073,NA,-6.37548,NA,-21.22426,-13.90476,-6.58527
Crop Yield,Agroforestry Fallow-Agroforestry Pruning-Alleycropping,24,5,3,0.99084,0.5146,0.44617047207314514,0.18774,0.15428,-0.51083|0.19164|0.44617|0.74504|1.13943,0.42875,1.84781,1.5623333333333334,0.30856,0.45826,0.6|1.21164|1.56233|2.10659|3.125,Mg/ha,lmerModLmerTest,9,2.36454,0.14607,6,1.46424,0.07392,3.33539,0.10572,0.05542,5.98841,0.03275,0.11261,43.37882,67.29692,95.20498,47.4074,71.99754,100.68975,53.925,84.781,115.637
Runoff,Agroforestry Pruning,9,2,1,0.52216,1.05807,0.8109302162163288,Inf,0.25023,-0.22314|0.55962|0.81093|1.30495|2.77259,2e-4,3.86524,2.25,1.35717,Inf,0.8|1.75|2.25|3.6875|16,mm,lm,4,25.42917,Inf,4,8.4,Inf,4.22837,0.00288,0.06262,2.84802,0.02154,1.8419,124.30577,188.08057,269.98786,131.43989,197.24306,281.75544,150.807,286.524,422.241
Erosion,Agroforestry Pruning,5,2,1,0.04554,0.64256,0.8811994120628851,Inf,0.55725,-0.7115|-0.7115|0.8812|1.23614|1.59109,0.0398,2.94219,2.4137931034482762,1.11896,Inf,0.49091|0.49091|2.41379|3.66144|4.90909,Mg/ha,NA,3,6.5975,Inf,3,4.1625,Inf,NA,NA,NA,NA,NA,NA,8.90496,90.13384,231.94887,NA,Inf,NA,82.32278,194.21913,306.11548
Biomass Yield,Agroforestry Pruning-Alleycropping-Intercropping,23,3,4,0.14664,0.00209,-0.3048812241791812,0.2959,0.23524,-0.76751|-0.57493|-0.30488|0.17386|0.8873,0.00822,1.13752,0.7372109320252278,0.26845,0.3818,0.46417|0.56303|0.73721|1.1899|2.42857,Mg/ha,lmerModLmerTest,14,3.13212,1.19756,4,3.05593,0.64481,0.00887,0.99348,0.01896,4.2374,0.024,0.02387,-20.79652,0.20922,26.78594,-20.0421,1.16372,27.99359,-13.093,13.752,40.597
Crop Yield,Agroforestry Pruning-Alleycropping-Intercropping,62,4,5,0.24037,-0.01114,-0.33984736738483184,0.42306,0.24973,-1.2205|-0.59127|-0.33985|0.20207|1.38629,0,1.22232,0.711879238063082,0.32108,0.72348,0.29508|0.55364|0.71188|1.22393|4,Mg/ha,lmerModLmerTest,15,1.75378,0.10691,7,2.06624,0.34756,-0.04462,0.96657,0.01455,3.80689,0.01953,0.02799,-22.96189,-1.10782,26.9458,-22.3994,-0.38575,27.87269,-9.876,22.232,54.34
Crop Yield,Agroforestry Pruning-Green Manure,18,2,4,0.02811,0.67464,0.5417038524760063,0.34806,0.10118,0.15415|0.3171|0.5417|0.8473|1.46634,0.00147,2.1556,1.7189331770222747,0.24326,2.012,1.16667|1.37313|1.71893|2.33333|4.33333,Multiple,lm,NA,NA,NA,NA,NA,NA,6.66783,0,0.02047,8.86121,0,0.11835,77.43959,96.33261,117.23727,79.26501,98.35239,119.47212,91.234,115.56,139.886
Crop Yield,Agroforestry Pruning-Green Manure-Inorganic Fertilizer,24,2,2,0.79908,0.67799,0.6800782272960172,0.12233,0.06983,0.05979|0.39087|0.68008|0.91009|1.50408,0.22962,2.08178,1.975797635304423,0.14445,0.52355,1.06161|1.47826|1.9758|2.48456|4.5,Mg/ha,lm,6,2.5562,0.25604,2,1.30344,0.0497,9.70971,0,0.05851,14.41162,0,0.25039,83.70481,96.99142,111.239,89.15848,102.83953,117.51008,93.733,108.178,122.623
Biomass Yield,Agroforestry Fallow,48,4,4,3e-5,0.42268,0.38270601983445646,0.08454,0.04118,-0.33647|0.37806|0.38271|0.39341|2.57346,0,1.73167,1.4662526615941904,0.23483,1.19049,0.71429|1.45946|1.46625|1.48205|13.11111,Mg/ha,lmerModLmerTest,16,10.36355,15.52185,9,6.99394,9.31324,10.26356,0,0.02968,7.37415,0.01859,0.40159,46.44797,52.60459,59.02003,48.63746,54.88613,61.39749,49.684,73.167,96.65
Crop Yield,Agroforestry Fallow,60,7,6,0.00735,0.53703,0.36029647202996506,0.20146,0.15248,-0.539|0.32966|0.3603|0.37151|2.63906,0,1.99117,1.4337650323774283,0.36309,1.57119,0.58333|1.3905|1.43377|1.44993|14,Mg/ha,lmerModLmerTest,23,2.58097,0.09808,14,1.69625,0.10347,3.52189,0.01779,0.04859,5.48397,0.00255,0.42554,46.89531,71.09179,99.27389,50.50784,75.29937,104.17453,62.808,99.117,135.426
Crop Yield,Agroforestry Fallow-Water Harvesting,22,2,2,0.0109,1.35338,1.233090202896663,0.7464,0.15934,0.28336|0.61288|1.23309|1.64443|3.07577,1.8e-4,5.2248,3.4318181818181817,1.04978,32.40021,1.32759|1.84752|3.43182|5.18125|21.66667,Mg/ha,lm,6,1.63914,0.01018,3,0.53643,0.07381,8.49392,0,0.08886,4.9770200000000004,6e-5,3.85717,230.03879,287.04857,353.90603,245.03304,304.63288,374.52779,317.502,422.48,527.458
Soil Organic Carbon,Agroforestry Fallow-Agroforestry Pruning-Reduced Tillage,48,2,1,0.017,0.25012,0.25489224962879004,0.01739,0.01571,0.08895|0.13353|0.25489|0.32542|0.44895,0.01612,1.29165,1.2903225806451613,0.02036,0.02922,1.09302|1.14286|1.29032|1.38462|1.56667,Multiple,lm,NA,NA,NA,NA,NA,NA,15.92581,0,7.4e-4,63.44705,0,0.00124,26.41627,28.41795,30.45133,26.46305,28.46547,30.4996,27.129,29.165,31.201
Biodiversity,Agroforestry Pruning-Alleycropping,4,2,1,0.41234,0.08814,0.03403807164149028,0.01858,0.0414,0.02876|0.02876|0.03404|0.04723|0.37071,0.36039,1.09868,1.0346673800337594,0.04999,0.02748,1.02918|1.02918|1.03467|1.04839|1.44876,Multiple,NA,NA,NA,NA,NA,NA,NA,NA,NA,NA,NA,NA,NA,4.78545,9.2142,13.83014,NA,14.89253,NA,4.86818,9.86754,14.8669
Soil Total Nitrogen,Agroforestry Pruning,70,4,4,0,0.14158,0,0.10063,0.03623,-0.17662|-0.02205|0|0.23706|1.28823,0,1.21843,1,0.06144,0.2894,0.8381|0.97825|1|1.26752|3.62637,Multiple,lmerModLmerTest,NA,NA,NA,NA,NA,NA,3.9079,2.1e-4,0.01313,19.83159,0,0.03775,11.10994,15.20927,19.45983,11.84178,15.9681,20.24667,15.699,21.843,27.987
Soil Total Nitrogen,Agroforestry Pruning-Inorganic Fertilizer,52,3,2,6.2e-4,0.04094,-0.07968308881554531,0.08594,0.03856,-0.35855|-0.13682|-0.07968|0.04717|1.02799,0,1.09055,0.9234178773701055,0.05695,0.18749,0.69869|0.87239|0.92342|1.04859|2.79545,Multiple,lm,NA,NA,NA,NA,NA,NA,1.0616,0.29342,0.01264,19.14774,0,0.02757,0.23828,4.17896,8.27456,0.8738,4.83946,8.96102,3.36,9.055,14.75
Soil Total Nitrogen,Parklands,7,2,2,0.01696,-0.2566,0,1.04332,0.29486,-1.46283|-1.46283|0|0.10895|0.60263,0.39228,0.94881,1,0.19953,0.47774,0.23158|0.23158|1|1.11511|1.82692,%,lm,4,0.161,0.00155,2,0.32862,0.18201,-0.87024,0.41762,0.17389,4.75523,0.00314,0.07962,-42.38919,-22.63224,3.90013,-37.15602,-15.60441,13.33808,-25.072,-5.119,14.834
Cation Exchange Capacity,Parklands,8,2,2,0.87075,-0.00776,-0.02512695007742176,0.02301,0.04055,-0.21405|-0.10446|-0.02513|0.04132|0.14246,0.95774,0.99789,0.9751861042183623,0.03941,0.02174,0.80731|0.90081|0.97519|1.04218|1.15311,Multiple,lm,NA,NA,NA,NA,NA,NA,-0.19133,0.8537,0.00329,25.32083,0,0.00311,-4.71616,-0.773,3.33335,-4.55929,-0.60963,3.50347,-4.152,-0.211,3.73
